economy,pillar,indicator,score,act,check,verdict,evidence,suggested_correction
Russian Federation,6,P6-I1,1,federal law no 152 fz on personal data,B-non-official-source,ERROR,References cite base.garant.ru (not an official portal),Cite http://pravo.gov.ru/proxy/ips/?docbody=&firstDoc=1&lastDoc=1&nd=102108261
Russian Federation,6,P6-I1,1,federal law no 152 fz on personal data,OK-covered,OK,"Federal Law No. 152-FZ of 27.07.2006 On Personal Data (conso [Art. 12.7, Art. 18.5, Art. 6]",
Russian Federation,6,P6-I1,0.5,federal law no 161 fz on the national payment system | federal law no 319 fz on amendments to the federal law on the national payment system and certain legisla,J-amending-law-citation,INFO,'federal law no 319 fz on amendments to the federal law on the national payment system and ' is an amending law; its text is read in Federal Law No. 161-FZ of 27.06.2011 On the National Payment System (consolidate,Cite the consolidated principal act and article the amendment inserted
Russian Federation,6,P6-I1,0.5,federal law no 161 fz on the national payment system | federal law no 319 fz on amendments to the federal law on the national payment system and certain legisla,B-non-official-source,ERROR,References cite base.garant.ru (not an official portal),Cite http://pravo.gov.ru/proxy/ips/?docbody=&firstDoc=1&lastDoc=1&nd=102148779
Russian Federation,6,P6-I1,0.5,federal law no 161 fz on the national payment system | federal law no 319 fz on amendments to the federal law on the national payment system and certain legisla,OK-covered,OK,Federal Law No. 161-FZ of 27.06.2011 On the National Payment; Federal Law No. 161-FZ of 27.06.2011 On the National Payment [no article cited],
Russian Federation,6,P6-I2,0.5,federal law no 126 fz on communications,B-non-official-source,ERROR,References cite base.garant.ru (not an official portal),Cite http://pravo.gov.ru/proxy/ips/?docbody=&firstDoc=1&lastDoc=1&nd=102082548
Russian Federation,6,P6-I2,0.5,federal law no 126 fz on communications,I-claim-check,WARN,"supports=yes citation=yes score_consistent=no: Article 64(1) expressly requires operators to “хранить на территории Российской Федерации” both (1) information about communications and (2) users’ messages. These are two separate storage requirements for sector-specific data, warranting score 1 under the rule.",Legal to re-read the cited provision and correct the row
Russian Federation,6,P6-I2,0.5,federal law no 126 fz on communications,OK-covered,OK,Federal Law No. 126-FZ of 07.07.2003 On Communications (cons [Art. 64],
Russian Federation,6,P6-I2,0.5,federal law no 149 fz on information information technologies and the protection of information,B-non-official-source,ERROR,References cite base.garant.ru (not an official portal),Cite http://pravo.gov.ru/proxy/ips/?docbody=&firstDoc=1&lastDoc=1&nd=102108264
Russian Federation,6,P6-I2,0.5,federal law no 149 fz on information information technologies and the protection of information,I-claim-check,WARN,"supports=partly citation=yes score_consistent=yes: The provision requires an Internet information-dissemination organizer to store specified information “on the territory of the Russian Federation.” However, subparagraph 1 now specifies three years, not the gold statement’s one year. The six-month requirement in subparagraph 2 is accurately stated. The rule is a single specific-data storage requir",Legal to re-read the cited provision and correct the row
Russian Federation,6,P6-I2,0.5,federal law no 149 fz on information information technologies and the protection of information,OK-covered,OK,"Federal Law No. 149-FZ of 27.07.2006 On Information, Informa [Art. 10.1.3]",
Russian Federation,6,P6-I3,1,federal law no 152 fz on personal data,B-non-official-source,ERROR,References cite base.garant.ru (not an official portal),Cite http://pravo.gov.ru/proxy/ips/?docbody=&firstDoc=1&lastDoc=1&nd=102108261
Russian Federation,6,P6-I3,1,federal law no 152 fz on personal data,OK-covered,OK,"Federal Law No. 152-FZ of 27.07.2006 On Personal Data (conso [Art. 18.5, Art. 6]",
Russian Federation,6,P6-I4,1,federal law no 152 fz on personal data,B-non-official-source,ERROR,References cite base.garant.ru (not an official portal),Cite http://pravo.gov.ru/proxy/ips/?docbody=&firstDoc=1&lastDoc=1&nd=102108261
Russian Federation,6,P6-I4,1,federal law no 152 fz on personal data,I-claim-check,WARN,"supports=partly citation=yes score_consistent=yes: Article 12 supports conditional cross-border transfers of personal data: notification is required under 12(3), adequate states are listed under 12(2), and transfers to listed states may occur “after” notification under 12(10). For non-listed states, 12(11) requires waiting until the statutory period expires, not necessarily “official approval”; it",Legal to re-read the cited provision and correct the row
Russian Federation,6,P6-I4,1,federal law no 152 fz on personal data,OK-covered,OK,Federal Law No. 152-FZ of 27.07.2006 On Personal Data (conso [Art. 12],
Russian Federation,7,P7-I1,0,federal law no 152 fz on personal data,B-non-official-source,ERROR,References cite base.garant.ru (not an official portal),Cite http://pravo.gov.ru/proxy/ips/?docbody=&firstDoc=1&lastDoc=1&nd=102108261
Russian Federation,7,P7-I1,0,federal law no 152 fz on personal data,I-claim-check,WARN,"supports=partly citation=yes score_consistent=unclear: Article 1 establishes broad horizontal scope, covering state bodies, legal entities and individuals processing data, including non-automated processing. But it does not state that this is the primary instrument or establish that the framework is comprehensive; scope alone cannot determine the score.",Legal to re-read the cited provision and correct the row
Russian Federation,7,P7-I1,0,federal law no 152 fz on personal data,OK-covered,OK,Federal Law No. 152-FZ of 27.07.2006 On Personal Data (conso [Art. 1],
Russian Federation,7,P7-I1,0,federal law no 197 fz on the labor code of the russian federation | federal law no 323 fz on the fundamentals of protection of the health of citizens in the rus,B-non-official-source,ERROR,References cite base.garant.ru (not an official portal),Cite http://pravo.gov.ru/proxy/ips/?docbody=&firstDoc=1&lastDoc=1&nd=102074279
Russian Federation,7,P7-I1,0,federal law no 197 fz on the labor code of the russian federation | federal law no 323 fz on the fundamentals of protection of the health of citizens in the rus,OK-covered,OK,Labor Code of the Russian Federation No. 197-FZ of 30.12.200; Federal Law No. 323-FZ of 21.11.2011 On the Fundamentals of ; Federal Law No. 38-FZ of 13.03.2006 On Advertising (consolid; RSFSR Law No. 395-I of 02.12.1990 On Banks and Banking Activ [no article cited],
Russian Federation,7,P7-I2,0.5,federal law no 152 fz on personal data | federal law no 149 fz on information information technologies and the protection of information | decree of the preside,B-non-official-source,ERROR,References cite base.garant.ru (not an official portal),Cite http://pravo.gov.ru/proxy/ips/?docbody=&firstDoc=1&lastDoc=1&nd=102108261
Russian Federation,7,P7-I2,0.5,federal law no 152 fz on personal data | federal law no 149 fz on information information technologies and the protection of information | decree of the preside,I-claim-check,WARN,"supports=partly citation=yes score_consistent=yes: Article 21(3.1) requires an operator to notify the personal-data protection authority within 24 and 72 hours after an unlawful or accidental transfer causing rights violations. This supports a sectoral incident-response obligation, but does not establish the broader information-security framework described in the gold statement.",Legal to re-read the cited provision and correct the row
Russian Federation,7,P7-I2,0.5,federal law no 152 fz on personal data | federal law no 149 fz on information information technologies and the protection of information | decree of the preside,OK-covered,OK,"Federal Law No. 152-FZ of 27.07.2006 On Personal Data (conso; Federal Law No. 149-FZ of 27.07.2006 On Information, Informa; Presidential Decree No. 646 of 05.12.2016 Information Securi; Federal Law No. 187-FZ of 26.07.2017 On Security of Critical [Art. 21]",
Russian Federation,7,P7-I3,1,federal law no 208 fz on amendments to the federal law on information information technologies and on the protection of information and the code of the russian ,J-amending-law-citation,INFO,"'federal law no 208 fz on amendments to the federal law on information information technolo' is an amending law; its text is read in Federal Law No. 149-FZ of 27.07.2006 On Information, Information Technologies an",Cite the consolidated principal act and article the amendment inserted
Russian Federation,7,P7-I3,1,federal law no 208 fz on amendments to the federal law on information information technologies and on the protection of information and the code of the russian ,B-non-official-source,ERROR,References cite www.consultant.ru (not an official portal),Cite http://pravo.gov.ru/proxy/ips/?docbody=&firstDoc=1&lastDoc=1&nd=102108264
Russian Federation,7,P7-I3,1,federal law no 208 fz on amendments to the federal law on information information technologies and on the protection of information and the code of the russian ,OK-covered,OK,"Federal Law No. 149-FZ of 27.07.2006 On Information, Informa [Art. 1.10]",
Russian Federation,7,P7-I3,1,federal law no 149 fz on information information technologies and the protection of information,B-non-official-source,ERROR,References cite base.garant.ru (not an official portal),Cite http://pravo.gov.ru/proxy/ips/?docbody=&firstDoc=1&lastDoc=1&nd=102108264
Russian Federation,7,P7-I3,1,federal law no 149 fz on information information technologies and the protection of information,I-claim-check,WARN,"supports=partly citation=yes score_consistent=yes: Article 10.1(3)(1) requires storage “в течение трех лет” (for three years), not one year as stated in the gold. Subparagraph (2) says “до шести месяцев” (up to six months). A specified retention period exists, so score 1 is consistent.",Legal to re-read the cited provision and correct the row
Russian Federation,7,P7-I3,1,federal law no 149 fz on information information technologies and the protection of information,OK-covered,OK,"Federal Law No. 149-FZ of 27.07.2006 On Information, Informa [Art. 10.1]",
Russian Federation,7,P7-I3,1,federal law no 126 fz on communications,B-non-official-source,ERROR,References cite base.garant.ru (not an official portal),Cite http://pravo.gov.ru/proxy/ips/?docbody=&firstDoc=1&lastDoc=1&nd=102082548
Russian Federation,7,P7-I3,1,federal law no 126 fz on communications,I-claim-check,WARN,"supports=partly citation=no score_consistent=yes: Article 64(1)(1) requires operators to retain facts of communications “в течение трех лет” (for three years) after completion, supporting a specified retention period and score 1. However, Article 56.2 contains no three-year retention obligation; its cited provisions concern technological networks, traffic exchange points, and reporting duties.",Legal to re-read the cited provision and correct the row
Russian Federation,7,P7-I3,1,federal law no 126 fz on communications,OK-covered,OK,"Federal Law No. 126-FZ of 07.07.2003 On Communications (cons [Art. 64, Art. 56.2]",
Russian Federation,7,P7-I4,1,federal law no 152 fz on personal data,B-non-official-source,ERROR,References cite base.garant.ru (not an official portal),Cite http://pravo.gov.ru/proxy/ips/?docbody=&firstDoc=1&lastDoc=1&nd=102108261
Russian Federation,7,P7-I4,1,federal law no 152 fz on personal data,OK-covered,OK,"Federal Law No. 152-FZ of 27.07.2006 On Personal Data (conso [Art. 19, Art. 22.1]",
Russian Federation,7,P7-I5,1,federal law no 5 fz of january 10 1996 on foreign intelligence,B-non-official-source,ERROR,References cite base.garant.ru (not an official portal),Cite http://pravo.gov.ru/proxy/ips/?docbody=&firstDoc=1&lastDoc=1&nd=102039044
Russian Federation,7,P7-I5,1,federal law no 5 fz of january 10 1996 on foreign intelligence,OK-covered,OK,Federal Law No. 5-FZ of 10.01.1996 On Foreign Intelligence ( [Art. 6],
Russian Federation,7,P7-I5,1,federal law no 126 fz on communications,B-non-official-source,ERROR,References cite base.garant.ru (not an official portal),Cite http://pravo.gov.ru/proxy/ips/?docbody=&firstDoc=1&lastDoc=1&nd=102082548
Russian Federation,7,P7-I5,1,federal law no 126 fz on communications,OK-covered,OK,Federal Law No. 126-FZ of 07.07.2003 On Communications (cons [Art. 64],
Russian Federation,7,P7-I5,1,federal law no 149 fz on information information technologies and the protection of information,B-non-official-source,ERROR,References cite base.garant.ru (not an official portal),Cite http://pravo.gov.ru/proxy/ips/?docbody=&firstDoc=1&lastDoc=1&nd=102108264
Russian Federation,7,P7-I5,1,federal law no 149 fz on information information technologies and the protection of information,OK-covered,OK,"Federal Law No. 149-FZ of 27.07.2006 On Information, Informa [Art. 10.1]",
Russian Federation,6,P6-I1,1.0,,H-score-divergence,INFO,master 1.0 vs research 0,Zone-3 panel decides; the research conclusion is in the pack notes
Russian Federation,6,P6-I2,0.5,,H-score-divergence,INFO,master 0.5 vs research 1,Zone-3 panel decides; the research conclusion is in the pack notes
Russian Federation,6,P6-I3,1.0,,H-score-divergence,INFO,master 1.0 vs research 0,Zone-3 panel decides; the research conclusion is in the pack notes
Russian Federation,7,P7-I2,0.5,,H-score-divergence,INFO,master 0.5 vs research 0,Zone-3 panel decides; the research conclusion is in the pack notes
